{
	"name": "tr_prodcuts_data",
	"properties": {
		"annotations": [],
		"runtimeState": "Stopped",
		"pipelines": [
			{
				"pipelineReference": {
					"referenceName": "pl_copy_production",
					"type": "PipelineReference"
				}
			}
		],
		"type": "ScheduleTrigger",
		"typeProperties": {
			"recurrence": {
				"frequency": "Month",
				"interval": 15,
				"startTime": "2024-11-16T14:03:00",
				"timeZone": "India Standard Time",
				"schedule": {
					"monthDays": [
						31
					]
				}
			}
		}
	}
}