{
	"name": "ds_adls_xlsx_sales",
	"properties": {
		"linkedServiceName": {
			"referenceName": "ls_AzureDataLakeStorage_csv",
			"type": "LinkedServiceReference"
		},
		"parameters": {
			"FileSystem": {
				"type": "string",
				"defaultValue": "adlfdemo"
			},
			"directory": {
				"type": "string",
				"defaultValue": "globalsales"
			},
			"Filename": {
				"type": "string",
				"defaultValue": "sales_error-handling.xlsx"
			}
		},
		"folder": {
			"name": "datasets for practice/error handling"
		},
		"annotations": [],
		"type": "Excel",
		"typeProperties": {
			"sheetName": "Sheet1",
			"location": {
				"type": "AzureBlobFSLocation",
				"fileName": {
					"value": "@dataset().Filename",
					"type": "Expression"
				},
				"folderPath": {
					"value": "@dataset().directory",
					"type": "Expression"
				},
				"fileSystem": {
					"value": "@dataset().FileSystem",
					"type": "Expression"
				}
			},
			"firstRowAsHeader": true
		},
		"schema": [
			{
				"name": "salesdate",
				"type": "String"
			},
			{
				"name": "salesitem",
				"type": "String"
			},
			{
				"name": "country",
				"type": "String"
			},
			{
				"name": "quantity",
				"type": "String"
			}
		]
	},
	"type": "Microsoft.DataFactory/factories/datasets"
}