{
	"name": "ds_AzureSqlTable1_new",
	"properties": {
		"linkedServiceName": {
			"referenceName": "AzureSqlDatabase1",
			"type": "LinkedServiceReference",
			"parameters": {
				"domainname": {
					"value": "@dataset().domainname",
					"type": "Expression"
				},
				"databasename": {
					"value": "@dataset().databasename",
					"type": "Expression"
				},
				"username": {
					"value": "@dataset().username",
					"type": "Expression"
				},
				"password": {
					"value": "@dataset().password",
					"type": "Expression"
				}
			}
		},
		"parameters": {
			"domainname": {
				"type": "String",
				"defaultValue": "sqlserver2adf.database.windows.net"
			},
			"databasename": {
				"type": "String",
				"defaultValue": "adf_db_dm"
			},
			"username": {
				"type": "String",
				"defaultValue": "adfdemo"
			},
			"password": {
				"type": "String",
				"defaultValue": "test@123"
			},
			"schemaname": {
				"type": "string"
			},
			"tablename": {
				"type": "string"
			}
		},
		"annotations": [],
		"type": "AzureSqlTable",
		"schema": [
			{
				"name": "customer_id",
				"type": "nvarchar"
			},
			{
				"name": "customer_fname",
				"type": "nvarchar"
			},
			{
				"name": "customer_lname",
				"type": "nvarchar"
			},
			{
				"name": "customer_email",
				"type": "nvarchar"
			},
			{
				"name": "customer_password",
				"type": "nvarchar"
			},
			{
				"name": "customer_street",
				"type": "nvarchar"
			},
			{
				"name": "customer_city",
				"type": "nvarchar"
			},
			{
				"name": "customer_state",
				"type": "nvarchar"
			},
			{
				"name": "customer_zipcode",
				"type": "nvarchar"
			}
		],
		"typeProperties": {
			"schema": {
				"value": "@dataset().schemaname",
				"type": "Expression"
			},
			"table": {
				"value": "@dataset().tablename",
				"type": "Expression"
			}
		}
	},
	"type": "Microsoft.DataFactory/factories/datasets"
}