{
	"name": "ds_azureblob_csv",
	"properties": {
		"linkedServiceName": {
			"referenceName": "ls_azureblob_csv",
			"type": "LinkedServiceReference"
		},
		"parameters": {
			"container1": {
				"type": "string",
				"defaultValue": "raw"
			},
			"filename": {
				"type": "string",
				"defaultValue": "shopping_trends_new.csv"
			}
		},
		"annotations": [],
		"type": "DelimitedText",
		"typeProperties": {
			"location": {
				"type": "AzureBlobStorageLocation",
				"fileName": {
					"value": "@dataset().filename",
					"type": "Expression"
				},
				"container": {
					"value": "@dataset().container1",
					"type": "Expression"
				}
			},
			"columnDelimiter": ",",
			"escapeChar": "\\",
			"firstRowAsHeader": true,
			"quoteChar": "\""
		},
		"schema": [
			{
				"type": "String"
			},
			{
				"type": "String"
			},
			{
				"type": "String"
			},
			{
				"type": "String"
			}
		]
	},
	"type": "Microsoft.DataFactory/factories/datasets"
}