{
	"name": "ds_Parquet1",
	"properties": {
		"linkedServiceName": {
			"referenceName": "ls_AzureBlobStorage1_parquet",
			"type": "LinkedServiceReference"
		},
		"parameters": {
			"container11": {
				"type": "string"
			},
			"filename1": {
				"type": "string"
			}
		},
		"annotations": [],
		"type": "Parquet",
		"typeProperties": {
			"location": {
				"type": "AzureBlobStorageLocation",
				"fileName": {
					"value": "@dataset().filename1",
					"type": "Expression"
				},
				"container": {
					"value": "@dataset().container11",
					"type": "Expression"
				}
			},
			"compressionCodec": "snappy"
		},
		"schema": []
	}
}