{
	"name": "AzureSqlDatabase1",
	"type": "Microsoft.DataFactory/factories/linkedservices",
	"properties": {
		"parameters": {
			"domainname": {
				"type": "String"
			},
			"databasename": {
				"type": "String"
			},
			"username": {
				"type": "String"
			},
			"password": {
				"type": "String"
			}
		},
		"annotations": [],
		"type": "AzureSqlDatabase",
		"typeProperties": {
			"server": "@{linkedService().domainname}",
			"database": "@{linkedService().databasename}",
			"encrypt": "optional",
			"trustServerCertificate": false,
			"authenticationType": "SQL",
			"userName": "@{linkedService().username}",
			"password": "@{linkedService().password}"
		}
	}
}