{
	"name": "ls_azureblob_csv",
	"properties": {
		"annotations": [],
		"type": "AzureBlobStorage",
		"typeProperties": {
			"connectionString": "DefaultEndpointsProtocol=https;AccountName=saazurepractice;EndpointSuffix=core.windows.net;",
			"accountKey": {
				"type": "AzureKeyVaultSecret",
				"store": {
					"referenceName": "ls_AzureKeyVault1",
					"type": "LinkedServiceReference"
				},
				"secretName": "saazurepracticekey"
			}
		}
	},
	"type": "Microsoft.DataFactory/factories/linkedservices"
}