{
	"name": "ls_Adlsgen2e2e",
	"properties": {
		"parameters": {
			"uri": {
				"type": "String"
			},
			"secret_adlse2e": {
				"type": "String"
			}
		},
		"annotations": [],
		"type": "AzureBlobFS",
		"typeProperties": {
			"url": "@{linkedService().uri}",
			"accountKey": {
				"type": "AzureKeyVaultSecret",
				"store": {
					"referenceName": "ls_AzureKeyVault1",
					"type": "LinkedServiceReference"
				},
				"secretName": {
					"value": "@linkedService().secret_adlse2e",
					"type": "Expression"
				}
			}
		}
	}
}