{
	"name": "badrecordhandling",
	"properties": {
		"activities": [
			{
				"name": "flowforerrorrowdatahadle",
				"type": "ExecuteDataFlow",
				"dependsOn": [],
				"policy": {
					"timeout": "0.12:00:00",
					"retry": 0,
					"retryIntervalInSeconds": 30,
					"secureOutput": false,
					"secureInput": false
				},
				"userProperties": [],
				"typeProperties": {
					"dataflow": {
						"referenceName": "dataflow2",
						"type": "DataFlowReference",
						"datasetParameters": {
							"salesind": {
								"FileSystem": "adlfdemo",
								"directory": "globalsales",
								"Filename": "sales_error-handling.xlsx"
							},
							"badrecords": {
								"domainname": {
									"value": "@pipeline().parameters.domainname",
									"type": "Expression"
								},
								"databasename": {
									"value": "@pipeline().parameters.databasename",
									"type": "Expression"
								},
								"username": {
									"value": "@pipeline().parameters.username",
									"type": "Expression"
								},
								"password": {
									"value": "@pipeline().parameters.password",
									"type": "Expression"
								},
								"schemaname": {
									"value": "@pipeline().parameters.schemaname",
									"type": "Expression"
								},
								"tablename": {
									"value": "@pipeline().parameters.tablename",
									"type": "Expression"
								}
							},
							"sink1": {
								"domainname": {
									"value": "@pipeline().parameters.domainname",
									"type": "Expression"
								},
								"databasename": {
									"value": "@pipeline().parameters.databasename",
									"type": "Expression"
								},
								"username": {
									"value": "@pipeline().parameters.username",
									"type": "Expression"
								},
								"password": {
									"value": "@pipeline().parameters.password",
									"type": "Expression"
								},
								"schemaname": {
									"value": "@pipeline().parameters.schemaname",
									"type": "Expression"
								},
								"tablename": {
									"value": "@pipeline().parameters.tablename",
									"type": "Expression"
								}
							}
						}
					},
					"compute": {
						"coreCount": 8,
						"computeType": "General"
					},
					"traceLevel": "Fine"
				}
			}
		],
		"parameters": {
			"databasename": {
				"type": "String"
			},
			"domainname": {
				"type": "String"
			},
			"username": {
				"type": "String"
			},
			"password": {
				"type": "String"
			},
			"schemaname": {
				"type": "string"
			},
			"tablename": {
				"type": "string"
			}
		},
		"folder": {
			"name": "practice pipelines"
		},
		"annotations": [],
		"lastPublishTime": "2024-12-03T07:14:17Z"
	},
	"type": "Microsoft.DataFactory/factories/pipelines"
}