{
	"name": "incremental data with two set variables",
	"properties": {
		"activities": [
			{
				"name": "pipelinestartdate",
				"type": "SetVariable",
				"dependsOn": [],
				"policy": {
					"secureOutput": false,
					"secureInput": false
				},
				"userProperties": [],
				"typeProperties": {
					"variableName": "pipelinestartdate",
					"value": {
						"value": "@formatDateTime(utcNow(),'yyyy-MM-dd')",
						"type": "Expression"
					}
				}
			},
			{
				"name": "Lookup1",
				"type": "Lookup",
				"dependsOn": [
					{
						"activity": "pipelinestartdate",
						"dependencyConditions": [
							"Succeeded"
						]
					}
				],
				"policy": {
					"timeout": "0.12:00:00",
					"retry": 0,
					"retryIntervalInSeconds": 30,
					"secureOutput": false,
					"secureInput": false
				},
				"userProperties": [],
				"typeProperties": {
					"source": {
						"type": "AzureSqlSource",
						"sqlReaderQuery": {
							"value": "SELECT MAX(Last_Modified_Date) AS LastModifiedDate FROM employee",
							"type": "Expression"
						},
						"queryTimeout": "02:00:00",
						"partitionOption": "None"
					},
					"dataset": {
						"referenceName": "ds_AzureSqlTable1_new",
						"type": "DatasetReference",
						"parameters": {
							"domainname": {
								"value": "@pipeline().parameters.domainname",
								"type": "Expression"
							},
							"databasename": {
								"value": "@pipeline().parameters.databasename",
								"type": "Expression"
							},
							"username": {
								"value": "@pipeline().parameters.username",
								"type": "Expression"
							},
							"password": {
								"value": "@pipeline().parameters.password",
								"type": "Expression"
							},
							"schemaname": {
								"value": "@pipeline().parameters.schemaname",
								"type": "Expression"
							},
							"tablename": {
								"value": "@pipeline().parameters.tablename",
								"type": "Expression"
							}
						}
					},
					"firstRowOnly": true
				}
			},
			{
				"name": "If Condition1",
				"type": "IfCondition",
				"dependsOn": [
					{
						"activity": "Lookup1",
						"dependencyConditions": [
							"Succeeded"
						]
					}
				],
				"userProperties": [],
				"typeProperties": {
					"expression": {
						"value": "@greaterOrEquals(formatDateTime(activity('Lookup1').output.firstRow.LastModifiedDate,'yyyy-MM-dd'),variables('pipelinestartdate'))",
						"type": "Expression"
					},
					"ifFalseActivities": [
						{
							"name": "Fail1",
							"type": "Fail",
							"dependsOn": [],
							"userProperties": [],
							"typeProperties": {
								"message": "pipelinedate is less than last_modified_date.",
								"errorCode": "101"
							}
						}
					],
					"ifTrueActivities": [
						{
							"name": "Copy data1",
							"type": "Copy",
							"dependsOn": [],
							"policy": {
								"timeout": "0.12:00:00",
								"retry": 0,
								"retryIntervalInSeconds": 30,
								"secureOutput": false,
								"secureInput": false
							},
							"userProperties": [],
							"typeProperties": {
								"source": {
									"type": "AzureSqlSource",
									"queryTimeout": "02:00:00",
									"partitionOption": "None"
								},
								"sink": {
									"type": "AzureSqlSink",
									"writeBehavior": "upsert",
									"upsertSettings": {
										"useTempDB": true,
										"keys": [
											"emp_id"
										]
									},
									"sqlWriterUseTableLock": false,
									"disableMetricsCollection": false
								},
								"enableStaging": false,
								"translator": {
									"type": "TabularTranslator",
									"typeConversion": true,
									"typeConversionSettings": {
										"allowDataTruncation": true,
										"treatBooleanAsNumber": false
									}
								}
							},
							"inputs": [
								{
									"referenceName": "ds_AzureSqlTable1_new",
									"type": "DatasetReference",
									"parameters": {
										"domainname": {
											"value": "@pipeline().parameters.domainname",
											"type": "Expression"
										},
										"databasename": {
											"value": "@pipeline().parameters.databasename",
											"type": "Expression"
										},
										"username": {
											"value": "@pipeline().parameters.username",
											"type": "Expression"
										},
										"password": {
											"value": "@pipeline().parameters.password",
											"type": "Expression"
										},
										"schemaname": {
											"value": "@pipeline().parameters.schemaname",
											"type": "Expression"
										},
										"tablename": {
											"value": "@pipeline().parameters.tablename",
											"type": "Expression"
										}
									}
								}
							],
							"outputs": [
								{
									"referenceName": "ds_AzureSqlTable1_new",
									"type": "DatasetReference",
									"parameters": {
										"domainname": {
											"value": "@pipeline().parameters.domainname",
											"type": "Expression"
										},
										"databasename": {
											"value": "@pipeline().parameters.databasename",
											"type": "Expression"
										},
										"username": {
											"value": "@pipeline().parameters.username",
											"type": "Expression"
										},
										"password": {
											"value": "@pipeline().parameters.password",
											"type": "Expression"
										},
										"schemaname": {
											"value": "@pipeline().parameters.schemaname",
											"type": "Expression"
										},
										"tablename": {
											"value": "@pipeline().parameters.tablename",
											"type": "Expression"
										}
									}
								}
							]
						}
					]
				}
			},
			{
				"name": "pipelineenddate",
				"type": "SetVariable",
				"dependsOn": [
					{
						"activity": "If Condition1",
						"dependencyConditions": [
							"Succeeded"
						]
					}
				],
				"policy": {
					"secureOutput": false,
					"secureInput": false
				},
				"userProperties": [],
				"typeProperties": {
					"variableName": "pipelineenddate",
					"value": {
						"value": "@activity('Lookup1').output.firstRow.LastModifiedDate",
						"type": "Expression"
					}
				}
			}
		],
		"parameters": {
			"databasename": {
				"type": "string"
			},
			"domainname": {
				"type": "string"
			},
			"tablename": {
				"type": "string"
			},
			"schemaname": {
				"type": "string"
			},
			"username": {
				"type": "string"
			},
			"password": {
				"type": "string"
			}
		},
		"variables": {
			"pipelinestartdate": {
				"type": "String"
			},
			"pipelineenddate": {
				"type": "String"
			}
		},
		"folder": {
			"name": "practice pipelines/copy incremental data as per the pipeline"
		},
		"annotations": [],
		"lastPublishTime": "2024-12-03T07:10:08Z"
	},
	"type": "Microsoft.DataFactory/factories/pipelines"
}