{
	"name": "Main pipeline",
	"properties": {
		"activities": [
			{
				"name": "Execute Pipeline1",
				"type": "ExecutePipeline",
				"dependsOn": [],
				"policy": {
					"secureInput": false
				},
				"userProperties": [],
				"typeProperties": {
					"pipeline": {
						"referenceName": "pl_merge_csv",
						"type": "PipelineReference"
					},
					"waitOnCompletion": true
				}
			}
		],
		"folder": {
			"name": "practice pipelines"
		},
		"annotations": [],
		"lastPublishTime": "2024-12-03T07:10:09Z"
	},
	"type": "Microsoft.DataFactory/factories/pipelines"
}