{
	"name": "pipeline2",
	"properties": {
		"activities": [
			{
				"name": "Get Metadata1",
				"type": "GetMetadata",
				"dependsOn": [],
				"policy": {
					"timeout": "0.12:00:00",
					"retry": 0,
					"retryIntervalInSeconds": 30,
					"secureOutput": false,
					"secureInput": false
				},
				"userProperties": [],
				"typeProperties": {
					"dataset": {
						"referenceName": "ds_datalake_csv",
						"type": "DatasetReference",
						"parameters": {
							"filesystem": {
								"value": "@pipeline().parameters.filesystem",
								"type": "Expression"
							},
							"directory": {
								"value": "@pipeline().parameters.directory",
								"type": "Expression"
							},
							"filename": {
								"value": "@pipeline().parameters.filename",
								"type": "Expression"
							}
						}
					},
					"fieldList": [
						"childItems"
					],
					"storeSettings": {
						"type": "AzureBlobFSReadSettings",
						"recursive": true,
						"enablePartitionDiscovery": false
					},
					"formatSettings": {
						"type": "DelimitedTextReadSettings"
					}
				}
			},
			{
				"name": "ForEach1",
				"type": "ForEach",
				"dependsOn": [
					{
						"activity": "Get Metadata1",
						"dependencyConditions": [
							"Succeeded"
						]
					}
				],
				"userProperties": [],
				"typeProperties": {
					"items": {
						"value": "@activity('Get Metadata1').output.childItems",
						"type": "Expression"
					},
					"isSequential": true,
					"activities": [
						{
							"name": "Get Metadata2",
							"type": "GetMetadata",
							"dependsOn": [],
							"policy": {
								"timeout": "0.12:00:00",
								"retry": 0,
								"retryIntervalInSeconds": 30,
								"secureOutput": false,
								"secureInput": false
							},
							"userProperties": [],
							"typeProperties": {
								"dataset": {
									"referenceName": "ds_datalake_csv",
									"type": "DatasetReference",
									"parameters": {
										"filesystem": {
											"value": "@pipeline().parameters.filesystem",
											"type": "Expression"
										},
										"directory": {
											"value": "@pipeline().parameters.directory",
											"type": "Expression"
										},
										"filename": {
											"value": "@pipeline().parameters.filename",
											"type": "Expression"
										}
									}
								},
								"fieldList": [
									"childItems"
								],
								"storeSettings": {
									"type": "AzureBlobFSReadSettings",
									"recursive": true,
									"modifiedDatetimeStart": null,
									"modifiedDatetimeEnd": null,
									"enablePartitionDiscovery": false
								},
								"formatSettings": {
									"type": "DelimitedTextReadSettings"
								}
							}
						},
						{
							"name": "Filter1",
							"type": "Filter",
							"dependsOn": [
								{
									"activity": "Get Metadata2",
									"dependencyConditions": [
										"Succeeded"
									]
								}
							],
							"userProperties": [],
							"typeProperties": {
								"items": {
									"value": "@activity('Get Metadata2').output.childItems",
									"type": "Expression"
								},
								"condition": {
									"value": "@not(empty(item().name))",
									"type": "Expression"
								}
							}
						}
					]
				}
			},
			{
				"name": "Lookup1",
				"type": "Lookup",
				"dependsOn": [
					{
						"activity": "ForEach1",
						"dependencyConditions": [
							"Completed"
						]
					}
				],
				"policy": {
					"timeout": "0.12:00:00",
					"retry": 0,
					"retryIntervalInSeconds": 30,
					"secureOutput": false,
					"secureInput": false
				},
				"userProperties": [],
				"typeProperties": {
					"source": {
						"type": "DelimitedTextSource",
						"storeSettings": {
							"type": "AzureBlobStorageReadSettings",
							"recursive": true,
							"enablePartitionDiscovery": false
						},
						"formatSettings": {
							"type": "DelimitedTextReadSettings"
						}
					},
					"dataset": {
						"referenceName": "ds_azureblob_csv",
						"type": "DatasetReference",
						"parameters": {
							"container1": "upsert",
							"filename": "TeacherDetail.csv"
						}
					}
				}
			}
		],
		"parameters": {
			"filesystem": {
				"type": "string"
			},
			"directory": {
				"type": "string"
			},
			"filename": {
				"type": "string"
			}
		},
		"folder": {
			"name": "practice pipelines/countofsubfoldersand files"
		},
		"annotations": [],
		"lastPublishTime": "2024-11-20T11:22:30Z"
	},
	"type": "Microsoft.DataFactory/factories/pipelines"
}