{
	"name": "pipeline6",
	"properties": {
		"activities": [
			{
				"name": "Set variable1",
				"type": "SetVariable",
				"dependsOn": [],
				"policy": {
					"secureOutput": false,
					"secureInput": false
				},
				"userProperties": [],
				"typeProperties": {
					"variableName": "startdate",
					"value": {
						"value": "@pipeline().TriggerTime",
						"type": "Expression"
					}
				}
			},
			{
				"name": "ForEach1",
				"type": "ForEach",
				"dependsOn": [
					{
						"activity": "Filter1",
						"dependencyConditions": [
							"Succeeded"
						]
					}
				],
				"userProperties": [],
				"typeProperties": {
					"items": {
						"value": "@activity('Filter1').output.value",
						"type": "Expression"
					},
					"isSequential": true,
					"activities": [
						{
							"name": "If Condition1",
							"type": "IfCondition",
							"dependsOn": [],
							"userProperties": [],
							"typeProperties": {
								"expression": {
									"value": "@greaterOrEquals(item().modified_date,'31-12-2024')",
									"type": "Expression"
								},
								"ifTrueActivities": [
									{
										"name": "Execute Pipeline1",
										"type": "ExecutePipeline",
										"dependsOn": [],
										"policy": {
											"secureInput": false
										},
										"userProperties": [],
										"typeProperties": {
											"pipeline": {
												"referenceName": "shoppingtrend",
												"type": "PipelineReference"
											},
											"waitOnCompletion": true,
											"parameters": {
												"filename": {
													"value": "@pipeline().parameters.filename",
													"type": "Expression"
												},
												"container": {
													"value": "@pipeline().parameters.container1",
													"type": "Expression"
												},
												"container11": {
													"value": "@pipeline().parameters.container11",
													"type": "Expression"
												},
												"filename1": {
													"value": "@pipeline().parameters.filename1",
													"type": "Expression"
												}
											}
										}
									}
								]
							}
						}
					]
				}
			},
			{
				"name": "Lookup1",
				"type": "Lookup",
				"dependsOn": [
					{
						"activity": "Set variable1",
						"dependencyConditions": [
							"Succeeded"
						]
					}
				],
				"policy": {
					"timeout": "0.12:00:00",
					"retry": 0,
					"retryIntervalInSeconds": 30,
					"secureOutput": false,
					"secureInput": false
				},
				"userProperties": [],
				"typeProperties": {
					"source": {
						"type": "DelimitedTextSource",
						"storeSettings": {
							"type": "AzureBlobStorageReadSettings",
							"recursive": true,
							"enablePartitionDiscovery": false
						},
						"formatSettings": {
							"type": "DelimitedTextReadSettings"
						}
					},
					"dataset": {
						"referenceName": "ds_azureblob_csv",
						"type": "DatasetReference",
						"parameters": {
							"container1": {
								"value": "@pipeline().parameters.container1",
								"type": "Expression"
							},
							"filename": {
								"value": "@pipeline().parameters.filename",
								"type": "Expression"
							}
						}
					},
					"firstRowOnly": false
				}
			},
			{
				"name": "Filter1",
				"type": "Filter",
				"dependsOn": [
					{
						"activity": "Lookup1",
						"dependencyConditions": [
							"Succeeded"
						]
					}
				],
				"userProperties": [],
				"typeProperties": {
					"items": {
						"value": "@activity('Lookup1').output.value",
						"type": "Expression"
					},
					"condition": {
						"value": "@not(empty(item().modified_date))",
						"type": "Expression"
					}
				}
			},
			{
				"name": "Set variable2",
				"type": "SetVariable",
				"dependsOn": [
					{
						"activity": "ForEach1",
						"dependencyConditions": [
							"Succeeded"
						]
					}
				],
				"policy": {
					"secureOutput": false,
					"secureInput": false
				},
				"userProperties": [],
				"typeProperties": {
					"variableName": "enddate",
					"value": {
						"value": "@formatDateTime(utcNow(),'dd-MM-yyyy')",
						"type": "Expression"
					}
				}
			}
		],
		"parameters": {
			"container1": {
				"type": "string"
			},
			"filename": {
				"type": "string"
			},
			"container11": {
				"type": "string"
			},
			"filename1": {
				"type": "string"
			}
		},
		"variables": {
			"startdate": {
				"type": "String"
			},
			"nonnullvalues": {
				"type": "Array"
			},
			"modifieddate": {
				"type": "Boolean"
			},
			"enddate": {
				"type": "String"
			}
		},
		"folder": {
			"name": "Shoppingtrend"
		},
		"annotations": []
	}
}