{
	"name": "pipeline4",
	"properties": {
		"activities": [
			{
				"name": "Copy data1",
				"type": "Copy",
				"dependsOn": [],
				"policy": {
					"timeout": "0.12:00:00",
					"retry": 0,
					"retryIntervalInSeconds": 30,
					"secureOutput": false,
					"secureInput": false
				},
				"userProperties": [],
				"typeProperties": {
					"source": {
						"type": "RestSource",
						"httpRequestTimeout": "00:01:40",
						"requestInterval": "00.00:00:00.010",
						"requestMethod": "GET",
						"paginationRules": {
							"supportRFC5988": "true"
						}
					},
					"sink": {
						"type": "AzureSqlSink",
						"writeBehavior": "insert",
						"sqlWriterUseTableLock": false
					},
					"enableStaging": false,
					"translator": {
						"type": "TabularTranslator",
						"mappings": [
							{
								"source": {
									"path": "$['name']['common']"
								},
								"sink": {
									"name": "col1",
									"type": "String"
								}
							},
							{
								"source": {
									"path": "$['name']['official']"
								},
								"sink": {
									"name": "col2",
									"type": "String"
								}
							},
							{
								"source": {
									"path": "$['name']['nativeName']['eng']['official']"
								},
								"sink": {
									"name": "col3",
									"type": "String"
								}
							},
							{
								"source": {
									"path": "$['name']['nativeName']['eng']['common']"
								},
								"sink": {
									"name": "col4",
									"type": "String"
								}
							},
							{
								"source": {
									"path": "$['name']['nativeName']['fra']['official']"
								},
								"sink": {
									"name": "col5",
									"type": "String"
								}
							},
							{
								"source": {
									"path": "$['name']['nativeName']['fra']['common']"
								},
								"sink": {
									"name": "col6",
									"type": "String"
								}
							},
							{
								"source": {
									"path": "$['name']['nativeName']['gsw']['official']"
								},
								"sink": {
									"name": "col7",
									"type": "String"
								}
							},
							{
								"source": {
									"path": "$['name']['nativeName']['gsw']['common']"
								},
								"sink": {
									"name": "col8",
									"type": "String"
								}
							},
							{
								"source": {
									"path": "$['name']['nativeName']['ita']['official']"
								},
								"sink": {
									"name": "col9",
									"type": "String"
								}
							},
							{
								"source": {
									"path": "$['name']['nativeName']['ita']['common']"
								},
								"sink": {
									"name": "col10",
									"type": "String"
								}
							}
						],
						"collectionReference": ""
					}
				},
				"inputs": [
					{
						"referenceName": "ds_RestResource1",
						"type": "DatasetReference",
						"parameters": {
							"resturldataset": "https://restcountries.com/v3.1/all"
						}
					}
				],
				"outputs": [
					{
						"referenceName": "ds_AzureSqlTable1_new",
						"type": "DatasetReference",
						"parameters": {
							"domainname": "sqlserver2adf.database.windows.net",
							"databasename": "adf_db_dm",
							"username": "adfdemo",
							"password": "test@123",
							"schemaname": {
								"value": "@pipeline().parameters.schemaname",
								"type": "Expression"
							},
							"tablename": {
								"value": "@pipeline().parameters.tablename",
								"type": "Expression"
							}
						}
					}
				]
			}
		],
		"parameters": {
			"schemaname": {
				"type": "String"
			},
			"tablename": {
				"type": "String"
			}
		},
		"annotations": [],
		"lastPublishTime": "2024-11-21T07:40:05Z"
	},
	"type": "Microsoft.DataFactory/factories/pipelines"
}