{
	"name": "pipeline1",
	"properties": {
		"activities": [
			{
				"name": "Getfoldername",
				"type": "GetMetadata",
				"dependsOn": [],
				"policy": {
					"timeout": "0.12:00:00",
					"retry": 0,
					"retryIntervalInSeconds": 30,
					"secureOutput": false,
					"secureInput": false
				},
				"userProperties": [],
				"typeProperties": {
					"dataset": {
						"referenceName": "ds_datalake_csv",
						"type": "DatasetReference",
						"parameters": {
							"filesystem": {
								"value": "@pipeline().parameters.filesystem",
								"type": "Expression"
							},
							"directory": {
								"value": "@pipeline().parameters.directory",
								"type": "Expression"
							},
							"filename": {
								"value": "@pipeline().parameters.Filename",
								"type": "Expression"
							}
						}
					},
					"fieldList": [
						"childItems"
					],
					"storeSettings": {
						"type": "AzureBlobFSReadSettings",
						"recursive": true,
						"enablePartitionDiscovery": false
					},
					"formatSettings": {
						"type": "DelimitedTextReadSettings"
					}
				}
			},
			{
				"name": "Set variable1",
				"type": "SetVariable",
				"dependsOn": [
					{
						"activity": "Getfoldername",
						"dependencyConditions": [
							"Succeeded"
						]
					}
				],
				"policy": {
					"secureOutput": false,
					"secureInput": false
				},
				"userProperties": [],
				"typeProperties": {
					"variableName": "FileName",
					"value": {
						"value": "@length(activity('Getfoldername').output.childItems)",
						"type": "Expression"
					}
				}
			}
		],
		"parameters": {
			"filesystem": {
				"type": "string"
			},
			"directory": {
				"type": "string"
			},
			"Filename": {
				"type": "string"
			}
		},
		"variables": {
			"FileName": {
				"type": "Integer"
			}
		},
		"folder": {
			"name": "practice pipelines/countoffilesinafolder"
		},
		"annotations": [],
		"lastPublishTime": "2024-11-19T06:10:44Z"
	},
	"type": "Microsoft.DataFactory/factories/pipelines"
}