{
	"name": "pl_copydata_dynamic_currentdate",
	"properties": {
		"activities": [
			{
				"name": "Copy data1",
				"type": "Copy",
				"dependsOn": [],
				"policy": {
					"timeout": "0.12:00:00",
					"retry": 0,
					"retryIntervalInSeconds": 30,
					"secureOutput": false,
					"secureInput": false
				},
				"userProperties": [],
				"typeProperties": {
					"source": {
						"type": "DelimitedTextSource",
						"storeSettings": {
							"type": "AzureBlobStorageReadSettings",
							"recursive": true,
							"enablePartitionDiscovery": false
						},
						"formatSettings": {
							"type": "DelimitedTextReadSettings"
						}
					},
					"sink": {
						"type": "DelimitedTextSink",
						"storeSettings": {
							"type": "AzureBlobFSWriteSettings"
						},
						"formatSettings": {
							"type": "DelimitedTextWriteSettings",
							"quoteAllText": true,
							"fileExtension": ".txt"
						}
					},
					"enableStaging": false,
					"translator": {
						"type": "TabularTranslator",
						"typeConversion": true,
						"typeConversionSettings": {
							"allowDataTruncation": true,
							"treatBooleanAsNumber": false
						}
					}
				},
				"inputs": [
					{
						"referenceName": "ds_azureblob_csv",
						"type": "DatasetReference",
						"parameters": {
							"container1": {
								"value": "@pipeline().parameters.container1",
								"type": "Expression"
							},
							"filename": {
								"value": "@pipeline().parameters.filename",
								"type": "Expression"
							}
						}
					}
				],
				"outputs": [
					{
						"referenceName": "ds_datalake_csv",
						"type": "DatasetReference",
						"parameters": {
							"filesystem": {
								"value": "@pipeline().parameters.filesystem",
								"type": "Expression"
							},
							"directory": {
								"value": "@pipeline().parameters.directory",
								"type": "Expression"
							},
							"filename": {
								"value": "@pipeline().parameters.filename",
								"type": "Expression"
							}
						}
					}
				]
			},
			{
				"name": "Set variable1",
				"type": "SetVariable",
				"dependsOn": [
					{
						"activity": "Copy data1",
						"dependencyConditions": [
							"Succeeded"
						]
					}
				],
				"policy": {
					"secureOutput": false,
					"secureInput": false
				},
				"userProperties": [],
				"typeProperties": {
					"variableName": "currentdate",
					"value": {
						"value": "@formatDateTime(utcNow(),'yyyy-mm-dd')",
						"type": "Expression"
					}
				}
			}
		],
		"parameters": {
			"filesystem": {
				"type": "string"
			},
			"directory": {
				"type": "string"
			},
			"filename": {
				"type": "string"
			},
			"container1": {
				"type": "String"
			}
		},
		"variables": {
			"pipelinedate": {
				"type": "String"
			},
			"currentdate": {
				"type": "String"
			},
			"lastmodifieddate": {
				"type": "Boolean"
			}
		},
		"folder": {
			"name": "practice pipelines/copy incremental data as per the pipeline"
		},
		"annotations": [],
		"lastPublishTime": "2024-11-20T11:22:30Z"
	},
	"type": "Microsoft.DataFactory/factories/pipelines"
}