{
	"name": "pl_copybulksqltables_parquet",
	"properties": {
		"activities": [
			{
				"name": "Lookupsqltables",
				"type": "Lookup",
				"dependsOn": [],
				"policy": {
					"timeout": "0.12:00:00",
					"retry": 0,
					"retryIntervalInSeconds": 30,
					"secureOutput": false,
					"secureInput": false
				},
				"userProperties": [],
				"typeProperties": {
					"source": {
						"type": "AzureSqlSource",
						"sqlReaderQuery": "Select TABLE_SCHEMA,table_name \nfrom information_schema.tables\nwhere table_type='BASE TABLE'AND TABLE_SCHEMA='DBO'",
						"queryTimeout": "02:00:00",
						"partitionOption": "None"
					},
					"dataset": {
						"referenceName": "ds_AzureSqlTable1_new",
						"type": "DatasetReference",
						"parameters": {
							"domainname": "domainname",
							"databasename": "databasename",
							"username": "username",
							"password": "password",
							"schemaname": "dbo",
							"tablename": "tb"
						}
					},
					"firstRowOnly": false
				}
			},
			{
				"name": "ForEach1",
				"type": "ForEach",
				"dependsOn": [
					{
						"activity": "Lookupsqltables",
						"dependencyConditions": [
							"Succeeded"
						]
					}
				],
				"userProperties": [],
				"typeProperties": {
					"items": {
						"value": "@activity('Lookupsqltables').output.value",
						"type": "Expression"
					},
					"isSequential": true,
					"activities": [
						{
							"name": "Copy data1",
							"type": "Copy",
							"dependsOn": [],
							"policy": {
								"timeout": "0.12:00:00",
								"retry": 0,
								"retryIntervalInSeconds": 30,
								"secureOutput": false,
								"secureInput": false
							},
							"userProperties": [],
							"typeProperties": {
								"source": {
									"type": "AzureSqlSource",
									"queryTimeout": "02:00:00",
									"partitionOption": "None"
								},
								"sink": {
									"type": "DelimitedTextSink",
									"storeSettings": {
										"type": "AzureBlobStorageWriteSettings"
									},
									"formatSettings": {
										"type": "DelimitedTextWriteSettings",
										"quoteAllText": true,
										"fileExtension": ".txt"
									}
								},
								"enableStaging": false,
								"translator": {
									"type": "TabularTranslator",
									"typeConversion": true,
									"typeConversionSettings": {
										"allowDataTruncation": true,
										"treatBooleanAsNumber": false
									}
								}
							},
							"inputs": [
								{
									"referenceName": "ds_AzureSqlTable1_new",
									"type": "DatasetReference",
									"parameters": {
										"domainname": "domainname",
										"databasename": "databasename",
										"username": "username",
										"password": "password",
										"schemaname": "dbo",
										"tablename": "shop"
									}
								}
							],
							"outputs": [
								{
									"referenceName": "ds_azureblob_csv",
									"type": "DatasetReference",
									"parameters": {
										"container1": {
											"value": "@item().container1",
											"type": "Expression"
										},
										"filename": {
											"value": "@item().filename",
											"type": "Expression"
										}
									}
								}
							]
						}
					]
				}
			}
		],
		"parameters": {
			"container": {
				"type": "string"
			},
			"filename": {
				"type": "string"
			}
		},
		"folder": {
			"name": "practice pipelines/bulk copy sql tables to parquet"
		},
		"annotations": [],
		"lastPublishTime": "2024-11-20T11:22:30Z"
	},
	"type": "Microsoft.DataFactory/factories/pipelines"
}