{
	"name": "pl_copy_production",
	"properties": {
		"activities": [
			{
				"name": "Validation1",
				"type": "Validation",
				"dependsOn": [],
				"userProperties": [],
				"typeProperties": {
					"dataset": {
						"referenceName": "ds_azureblob_csv",
						"type": "DatasetReference",
						"parameters": {
							"container1": "upsert",
							"filename": "TeacherDetail.csv"
						}
					},
					"timeout": "0.12:00:00",
					"sleep": 10
				}
			},
			{
				"name": "Get Metadata1",
				"type": "GetMetadata",
				"dependsOn": [
					{
						"activity": "Validation1",
						"dependencyConditions": [
							"Succeeded"
						]
					}
				],
				"policy": {
					"timeout": "0.12:00:00",
					"retry": 0,
					"retryIntervalInSeconds": 30,
					"secureOutput": false,
					"secureInput": false
				},
				"userProperties": [],
				"typeProperties": {
					"dataset": {
						"referenceName": "ds_azureblob_csv",
						"type": "DatasetReference",
						"parameters": {
							"container1": "upsert",
							"filename": "TeacherDetail.csv"
						}
					},
					"fieldList": [
						"exists",
						"columnCount",
						"size"
					],
					"storeSettings": {
						"type": "AzureBlobStorageReadSettings",
						"recursive": true,
						"enablePartitionDiscovery": false
					},
					"formatSettings": {
						"type": "DelimitedTextReadSettings"
					}
				}
			},
			{
				"name": "If Condition1",
				"type": "IfCondition",
				"dependsOn": [
					{
						"activity": "Get Metadata1",
						"dependencyConditions": [
							"Succeeded"
						]
					}
				],
				"userProperties": [],
				"typeProperties": {
					"expression": {
						"value": "@equals(activity('Get Metadata1').output.columnCount,6)",
						"type": "Expression"
					},
					"ifFalseActivities": [
						{
							"name": "Fail1",
							"type": "Fail",
							"dependsOn": [],
							"userProperties": [],
							"typeProperties": {
								"message": "fail the activity",
								"errorCode": "column count does not match"
							}
						}
					],
					"ifTrueActivities": [
						{
							"name": "Copy data1",
							"type": "Copy",
							"dependsOn": [],
							"policy": {
								"timeout": "0.12:00:00",
								"retry": 0,
								"retryIntervalInSeconds": 30,
								"secureOutput": false,
								"secureInput": false
							},
							"userProperties": [],
							"typeProperties": {
								"source": {
									"type": "DelimitedTextSource",
									"storeSettings": {
										"type": "AzureBlobStorageReadSettings",
										"recursive": true,
										"enablePartitionDiscovery": false
									},
									"formatSettings": {
										"type": "DelimitedTextReadSettings"
									}
								},
								"sink": {
									"type": "DelimitedTextSink",
									"storeSettings": {
										"type": "AzureBlobFSWriteSettings"
									},
									"formatSettings": {
										"type": "DelimitedTextWriteSettings",
										"quoteAllText": true,
										"fileExtension": ".txt"
									}
								},
								"enableStaging": false,
								"translator": {
									"type": "TabularTranslator",
									"typeConversion": true,
									"typeConversionSettings": {
										"allowDataTruncation": true,
										"treatBooleanAsNumber": false
									}
								}
							},
							"inputs": [
								{
									"referenceName": "ds_azureblob_csv",
									"type": "DatasetReference",
									"parameters": {
										"container1": "upsert",
										"filename": "TeacherDetail.csv"
									}
								}
							],
							"outputs": [
								{
									"referenceName": "ds_datalake_csv",
									"type": "DatasetReference",
									"parameters": {
										"filesystem": {
											"value": "@pipeline().parameters.filesystem",
											"type": "Expression"
										},
										"directory": {
											"value": "@pipeline().parameters.directory",
											"type": "Expression"
										},
										"filename": {
											"value": "@pipeline().parameters.filename",
											"type": "Expression"
										}
									}
								}
							]
						},
						{
							"name": "Delete1",
							"type": "Delete",
							"dependsOn": [
								{
									"activity": "Copy data1",
									"dependencyConditions": [
										"Succeeded"
									]
								}
							],
							"policy": {
								"timeout": "0.12:00:00",
								"retry": 0,
								"retryIntervalInSeconds": 30,
								"secureOutput": false,
								"secureInput": false
							},
							"userProperties": [],
							"typeProperties": {
								"dataset": {
									"referenceName": "ds_azureblob_csv",
									"type": "DatasetReference",
									"parameters": {
										"container1": "c",
										"filename": "f"
									}
								},
								"logStorageSettings": {
									"linkedServiceName": {
										"referenceName": "ls_azureblob_csv",
										"type": "LinkedServiceReference"
									},
									"path": "retailraw"
								},
								"enableLogging": true,
								"storeSettings": {
									"type": "AzureBlobStorageReadSettings",
									"recursive": true,
									"enablePartitionDiscovery": false
								}
							}
						}
					]
				}
			}
		],
		"parameters": {
			"filesystem": {
				"type": "string"
			},
			"directory": {
				"type": "string"
			},
			"filename": {
				"type": "string"
			}
		},
		"annotations": [],
		"lastPublishTime": "2024-11-20T11:22:30Z"
	},
	"type": "Microsoft.DataFactory/factories/pipelines"
}