{
	"name": "pl_dataflow",
	"properties": {
		"activities": [
			{
				"name": "Data flow1",
				"type": "ExecuteDataFlow",
				"dependsOn": [],
				"policy": {
					"timeout": "0.12:00:00",
					"retry": 0,
					"retryIntervalInSeconds": 30,
					"secureOutput": false,
					"secureInput": false
				},
				"userProperties": [],
				"typeProperties": {
					"dataflow": {
						"referenceName": "dataflow3",
						"type": "DataFlowReference",
						"datasetParameters": {
							"source1": {
								"container1": "upsert",
								"filename": {
									"value": "@pipeline().parameters.filename",
									"type": "Expression"
								}
							},
							"source2": {
								"domainname": "sqlserverazpractice.database.windows.net",
								"databasename": "sqlazpractice",
								"username": "aztest",
								"password": "test@123",
								"schemaname": "dbo",
								"tablename": "test"
							},
							"sink1": {
								"filesystem": "filesystem",
								"directory": "directory",
								"filename": "filename"
							}
						}
					},
					"compute": {
						"coreCount": 8,
						"computeType": "General"
					},
					"traceLevel": "Fine"
				}
			}
		],
		"parameters": {
			"filesystem": {
				"type": "string"
			},
			"directory": {
				"type": "string"
			},
			"filename": {
				"type": "string"
			},
			"container1": {
				"type": "String"
			}
		},
		"annotations": [],
		"lastPublishTime": "2024-11-19T06:31:45Z"
	},
	"type": "Microsoft.DataFactory/factories/pipelines"
}