{
	"name": "pl_getfilenames",
	"properties": {
		"activities": [
			{
				"name": "GetFilenames",
				"type": "GetMetadata",
				"dependsOn": [],
				"policy": {
					"timeout": "0.12:00:00",
					"retry": 0,
					"retryIntervalInSeconds": 30,
					"secureOutput": false,
					"secureInput": false
				},
				"userProperties": [],
				"typeProperties": {
					"dataset": {
						"referenceName": "ds_azureblob_csv",
						"type": "DatasetReference",
						"parameters": {
							"container1": "upsert",
							"filename": "TeacherDetail.csv"
						}
					},
					"fieldList": [
						"childItems"
					],
					"storeSettings": {
						"type": "AzureBlobStorageReadSettings",
						"recursive": true,
						"enablePartitionDiscovery": false
					},
					"formatSettings": {
						"type": "DelimitedTextReadSettings"
					}
				}
			},
			{
				"name": "copyfiles",
				"type": "ForEach",
				"dependsOn": [
					{
						"activity": "GetFilenames",
						"dependencyConditions": [
							"Succeeded"
						]
					}
				],
				"userProperties": [],
				"typeProperties": {
					"items": {
						"value": "@activity('GetFilenames').output.childItems",
						"type": "Expression"
					},
					"isSequential": true,
					"activities": [
						{
							"name": "copydata",
							"type": "Copy",
							"dependsOn": [],
							"policy": {
								"timeout": "0.12:00:00",
								"retry": 0,
								"retryIntervalInSeconds": 30,
								"secureOutput": false,
								"secureInput": false
							},
							"userProperties": [],
							"typeProperties": {
								"source": {
									"type": "DelimitedTextSource",
									"storeSettings": {
										"type": "AzureBlobStorageReadSettings",
										"recursive": true,
										"enablePartitionDiscovery": false
									},
									"formatSettings": {
										"type": "DelimitedTextReadSettings"
									}
								},
								"sink": {
									"type": "DelimitedTextSink",
									"storeSettings": {
										"type": "AzureBlobStorageWriteSettings"
									},
									"formatSettings": {
										"type": "DelimitedTextWriteSettings",
										"quoteAllText": true,
										"fileExtension": ".txt"
									}
								},
								"enableStaging": false,
								"translator": {
									"type": "TabularTranslator",
									"typeConversion": true,
									"typeConversionSettings": {
										"allowDataTruncation": true,
										"treatBooleanAsNumber": false
									}
								}
							},
							"inputs": [
								{
									"referenceName": "ds_azureblob_csv",
									"type": "DatasetReference",
									"parameters": {
										"container1": "upsert",
										"filename": "TeacherDetail.csv"
									}
								}
							],
							"outputs": [
								{
									"referenceName": "ds_azureblob_csv",
									"type": "DatasetReference",
									"parameters": {
										"container1": "upsert",
										"filename": "TeacherDetail.csv"
									}
								}
							]
						}
					]
				}
			}
		],
		"folder": {
			"name": "practice pipelines/Getfilenamesandcopyfiles"
		},
		"annotations": [],
		"lastPublishTime": "2024-11-20T11:22:30Z"
	},
	"type": "Microsoft.DataFactory/factories/pipelines"
}