{
	"name": "pl_get_a_request_and_then_using_posts_merged_firstname_and_lastname_and_added_new_field",
	"properties": {
		"activities": [
			{
				"name": "Web1",
				"type": "WebActivity",
				"dependsOn": [],
				"policy": {
					"timeout": "0.12:00:00",
					"retry": 0,
					"retryIntervalInSeconds": 30,
					"secureOutput": false,
					"secureInput": false
				},
				"userProperties": [],
				"typeProperties": {
					"method": "GET",
					"url": "https://reqres.in/api/users/2",
					"body": {
						"id": 4,
						"email": "eve.holt@reqres.com",
						"first_name": "Eve",
						"last_name": "Holt",
						"avatar": "https://reqres.in/img/faces/4-image.jpg"
					}
				}
			},
			{
				"name": "Web2",
				"type": "WebActivity",
				"dependsOn": [
					{
						"activity": "Web1",
						"dependencyConditions": [
							"Succeeded"
						]
					}
				],
				"policy": {
					"timeout": "0.12:00:00",
					"retry": 0,
					"retryIntervalInSeconds": 30,
					"secureOutput": false,
					"secureInput": false
				},
				"userProperties": [],
				"typeProperties": {
					"method": "POST",
					"url": "https://reqres.in/api/users",
					"body": {
						"value": "{\n  \"name\": \"@{activity('Web1').output.data.first_name} @{activity('Web1').output.data.last_name}\",\n  \"job\": \"developer\"\n}\n\n",
						"type": "Expression"
					}
				}
			}
		],
		"annotations": [],
		"lastPublishTime": "2024-11-15T12:02:34Z"
	},
	"type": "Microsoft.DataFactory/factories/pipelines"
}