{
	"name": "pl_inc_dataflow",
	"properties": {
		"activities": [
			{
				"name": "df_incremental",
				"type": "ExecuteDataFlow",
				"dependsOn": [],
				"policy": {
					"timeout": "0.12:00:00",
					"retry": 0,
					"retryIntervalInSeconds": 30,
					"secureOutput": false,
					"secureInput": false
				},
				"userProperties": [],
				"typeProperties": {
					"dataflow": {
						"referenceName": "df_incremental",
						"type": "DataFlowReference",
						"datasetParameters": {
							"source1": {
								"domainname": {
									"value": "@pipeline().parameters.domainname",
									"type": "Expression"
								},
								"databasename": {
									"value": "@pipeline().parameters.databasename",
									"type": "Expression"
								},
								"username": {
									"value": "@pipeline().parameters.username",
									"type": "Expression"
								},
								"password": {
									"value": "@pipeline().parameters.password",
									"type": "Expression"
								},
								"schemaname": "dbo",
								"tablename": "test"
							},
							"sink1": {
								"container1": {
									"value": "@pipeline().parameters.container1",
									"type": "Expression"
								},
								"filename": {
									"value": "@pipeline().parameters.filename",
									"type": "Expression"
								}
							}
						}
					},
					"compute": {
						"coreCount": 8,
						"computeType": "General"
					},
					"traceLevel": "Fine",
					"continuationSettings": {
						"customizedCheckpointKey": "6b0f0ae6-7ff9-4868-87dc-fc000ea060a1"
					}
				}
			}
		],
		"parameters": {
			"domainname": {
				"type": "String"
			},
			"databasename": {
				"type": "String"
			},
			"schemaname": {
				"type": "String"
			},
			"tablename": {
				"type": "String"
			},
			"username": {
				"type": "String"
			},
			"password": {
				"type": "String"
			},
			"container1": {
				"type": "String"
			},
			"filename": {
				"type": "String"
			}
		},
		"variables": {
			"lastmodified": {
				"type": "String"
			}
		},
		"annotations": []
	}
}