{
	"name": "pl_incpip_lastrundetailstable",
	"properties": {
		"activities": [
			{
				"name": "Check last pipelinerun date",
				"type": "Lookup",
				"dependsOn": [],
				"policy": {
					"timeout": "0.12:00:00",
					"retry": 0,
					"retryIntervalInSeconds": 30,
					"secureOutput": false,
					"secureInput": false
				},
				"userProperties": [],
				"typeProperties": {
					"source": {
						"type": "AzureSqlSource",
						"sqlReaderQuery": "select pipelinerundate from lastrundetails",
						"queryTimeout": "02:00:00",
						"partitionOption": "None"
					},
					"dataset": {
						"referenceName": "ds_AzureSqlTable1_new",
						"type": "DatasetReference",
						"parameters": {
							"domainname": {
								"value": "@pipeline().parameters.domainname",
								"type": "Expression"
							},
							"databasename": {
								"value": "@pipeline().parameters.databasename",
								"type": "Expression"
							},
							"username": {
								"value": "@pipeline().parameters.username",
								"type": "Expression"
							},
							"password": {
								"value": "@pipeline().parameters.password",
								"type": "Expression"
							},
							"schemaname": "dbo",
							"tablename": "test"
						}
					},
					"firstRowOnly": true
				}
			},
			{
				"name": "Set current time",
				"type": "SetVariable",
				"dependsOn": [
					{
						"activity": "Check last pipelinerun date",
						"dependencyConditions": [
							"Succeeded"
						]
					}
				],
				"policy": {
					"secureOutput": false,
					"secureInput": false
				},
				"userProperties": [],
				"typeProperties": {
					"variableName": "last_modifieddate",
					"value": {
						"value": "@utcNow()",
						"type": "Expression"
					}
				}
			},
			{
				"name": "Copy data1",
				"type": "Copy",
				"dependsOn": [
					{
						"activity": "Set current time",
						"dependencyConditions": [
							"Succeeded"
						]
					}
				],
				"policy": {
					"timeout": "0.12:00:00",
					"retry": 0,
					"retryIntervalInSeconds": 30,
					"secureOutput": false,
					"secureInput": false
				},
				"userProperties": [],
				"typeProperties": {
					"source": {
						"type": "BinarySource",
						"storeSettings": {
							"type": "AzureBlobStorageReadSettings",
							"recursive": true,
							"modifiedDatetimeStart": {
								"value": "@activity('Check last pipelinerun date').output.firstRow['pipelinerundate']",
								"type": "Expression"
							},
							"modifiedDatetimeEnd": {
								"value": "@variables('last_modifieddate')",
								"type": "Expression"
							},
							"deleteFilesAfterCompletion": false
						},
						"formatSettings": {
							"type": "BinaryReadSettings"
						}
					},
					"sink": {
						"type": "BinarySink",
						"storeSettings": {
							"type": "AzureBlobStorageWriteSettings"
						}
					},
					"enableStaging": false
				},
				"inputs": [
					{
						"referenceName": "Binary1",
						"type": "DatasetReference"
					}
				],
				"outputs": [
					{
						"referenceName": "Binary1",
						"type": "DatasetReference"
					}
				]
			},
			{
				"name": "update pipelinerundate",
				"type": "SetVariable",
				"dependsOn": [
					{
						"activity": "Copy data1",
						"dependencyConditions": [
							"Succeeded"
						]
					}
				],
				"policy": {
					"secureOutput": false,
					"secureInput": false
				},
				"userProperties": [],
				"typeProperties": {
					"variableName": "pipelineupdateddate",
					"value": {
						"value": "@concat('update lastrundetails set pipelinerundate = ''', variables('last_modifieddate'), '''')",
						"type": "Expression"
					}
				}
			}
		],
		"parameters": {
			"domainname": {
				"type": "String"
			},
			"databasename": {
				"type": "String"
			},
			"username": {
				"type": "String"
			},
			"password": {
				"type": "String"
			},
			"schemaname": {
				"type": "String"
			},
			"tablename": {
				"type": "String"
			}
		},
		"variables": {
			"last_modifieddate": {
				"type": "String"
			},
			"pipelineupdateddate": {
				"type": "String"
			}
		},
		"annotations": []
	}
}