{
	"name": "pl_increment_lookup",
	"properties": {
		"activities": [
			{
				"name": "Copy data1",
				"type": "Copy",
				"dependsOn": [
					{
						"activity": "Lookup1",
						"dependencyConditions": [
							"Succeeded"
						]
					}
				],
				"policy": {
					"timeout": "0.12:00:00",
					"retry": 0,
					"retryIntervalInSeconds": 30,
					"secureOutput": false,
					"secureInput": false
				},
				"userProperties": [],
				"typeProperties": {
					"source": {
						"type": "AzureSqlSource",
						"sqlReaderQuery": {
							"value": "@concat('select * from emp where insertiontime > ''', formatDateTime(activity('Lookup1').output.firstRow.maxdate, 'yyyy-MM-dd'), '''')\n",
							"type": "Expression"
						},
						"queryTimeout": "02:00:00",
						"partitionOption": "None"
					},
					"sink": {
						"type": "AzureSqlSink",
						"writeBehavior": "insert",
						"sqlWriterUseTableLock": false,
						"tableOption": "autoCreate",
						"disableMetricsCollection": false
					},
					"enableStaging": false,
					"translator": {
						"type": "TabularTranslator",
						"typeConversion": true,
						"typeConversionSettings": {
							"allowDataTruncation": true,
							"treatBooleanAsNumber": false
						}
					}
				},
				"inputs": [
					{
						"referenceName": "ds_AzureSqlTable1_new",
						"type": "DatasetReference",
						"parameters": {
							"domainname": {
								"value": "@pipeline().parameters.domainname",
								"type": "Expression"
							},
							"databasename": {
								"value": "@pipeline().parameters.databasename",
								"type": "Expression"
							},
							"username": {
								"value": "@pipeline().parameters.username",
								"type": "Expression"
							},
							"password": {
								"value": "@pipeline().parameters.password",
								"type": "Expression"
							},
							"schemaname": "dbo",
							"tablename": "emp"
						}
					}
				],
				"outputs": [
					{
						"referenceName": "ds_AzureSqlTable1_new",
						"type": "DatasetReference",
						"parameters": {
							"domainname": {
								"value": "@pipeline().parameters.domainname",
								"type": "Expression"
							},
							"databasename": {
								"value": "@pipeline().parameters.databasename",
								"type": "Expression"
							},
							"username": {
								"value": "@pipeline().parameters.username",
								"type": "Expression"
							},
							"password": {
								"value": "@pipeline().parameters.password",
								"type": "Expression"
							},
							"schemaname": "dbo",
							"tablename": "empnew"
						}
					}
				]
			},
			{
				"name": "Lookup1",
				"type": "Lookup",
				"dependsOn": [],
				"policy": {
					"timeout": "0.12:00:00",
					"retry": 0,
					"retryIntervalInSeconds": 30,
					"secureOutput": false,
					"secureInput": false
				},
				"userProperties": [],
				"typeProperties": {
					"source": {
						"type": "AzureSqlSource",
						"sqlReaderQuery": "Select max(insertiontime) as maxdate from emp",
						"queryTimeout": "02:00:00",
						"partitionOption": "None"
					},
					"dataset": {
						"referenceName": "ds_AzureSqlTable1_new",
						"type": "DatasetReference",
						"parameters": {
							"domainname": {
								"value": "@pipeline().parameters.domainname",
								"type": "Expression"
							},
							"databasename": {
								"value": "@pipeline().parameters.databasename",
								"type": "Expression"
							},
							"username": {
								"value": "@pipeline().parameters.username",
								"type": "Expression"
							},
							"password": {
								"value": "@pipeline().parameters.password",
								"type": "Expression"
							},
							"schemaname": "dbo",
							"tablename": "emp"
						}
					},
					"firstRowOnly": true
				}
			}
		],
		"parameters": {
			"domainname": {
				"type": "String"
			},
			"databasename": {
				"type": "String"
			},
			"username": {
				"type": "String"
			},
			"password": {
				"type": "String"
			},
			"schemaname": {
				"type": "String"
			},
			"tablename": {
				"type": "String"
			},
			"targettablename": {
				"type": "string"
			},
			"targetschema": {
				"type": "string"
			}
		},
		"annotations": []
	}
}