{
	"name": "pl_increment_if",
	"properties": {
		"activities": [
			{
				"name": "Set currenttime",
				"type": "SetVariable",
				"dependsOn": [],
				"policy": {
					"secureOutput": false,
					"secureInput": false
				},
				"userProperties": [],
				"typeProperties": {
					"variableName": "pipelinestartdate",
					"value": {
						"value": "@utcNow()",
						"type": "Expression"
					}
				}
			},
			{
				"name": "Lookup2",
				"type": "Lookup",
				"dependsOn": [
					{
						"activity": "Set currenttime",
						"dependencyConditions": [
							"Succeeded"
						]
					}
				],
				"policy": {
					"timeout": "0.12:00:00",
					"retry": 0,
					"retryIntervalInSeconds": 30,
					"secureOutput": false,
					"secureInput": false
				},
				"userProperties": [],
				"typeProperties": {
					"source": {
						"type": "AzureSqlSource",
						"sqlReaderQuery": {
							"value": "select count(*) as RecordCount from shoppingdata where  created_date>'@{pipeline().parameters.lastprocesseddate}' or last_updated_date>'@{pipeline().parameters.lastprocesseddate}'",
							"type": "Expression"
						},
						"queryTimeout": "02:00:00",
						"partitionOption": "None"
					},
					"dataset": {
						"referenceName": "ds_AzureSqlTable1_new",
						"type": "DatasetReference",
						"parameters": {
							"domainname": "sqlserver2adf.database.windows.net",
							"databasename": "adf_db_dm",
							"username": "adfdemo",
							"password": "test@123",
							"schemaname": "dbo",
							"tablename": "shop"
						}
					}
				}
			},
			{
				"name": "If Condition1",
				"type": "IfCondition",
				"dependsOn": [
					{
						"activity": "Lookup2",
						"dependencyConditions": [
							"Succeeded"
						]
					}
				],
				"userProperties": [],
				"typeProperties": {
					"expression": {
						"value": "@greater(int(activity('Lookup2').output.firstRow.RecordCount),0)",
						"type": "Expression"
					},
					"ifFalseActivities": [
						{
							"name": "Set variable1",
							"type": "SetVariable",
							"dependsOn": [],
							"policy": {
								"secureOutput": false,
								"secureInput": false
							},
							"userProperties": [],
							"typeProperties": {
								"variableName": "no new changes",
								"value": "No new or updated records found"
							}
						}
					],
					"ifTrueActivities": [
						{
							"name": "Copy data1",
							"type": "Copy",
							"dependsOn": [],
							"policy": {
								"timeout": "0.12:00:00",
								"retry": 0,
								"retryIntervalInSeconds": 30,
								"secureOutput": false,
								"secureInput": false
							},
							"userProperties": [],
							"typeProperties": {
								"source": {
									"type": "AzureSqlSource",
									"sqlReaderQuery": {
										"value": "select * from shoppingdata where  created_date>='@{pipeline().parameters.lastprocesseddate}' or last_updated_date>='@{pipeline().parameters.lastprocesseddate}'",
										"type": "Expression"
									},
									"queryTimeout": "02:00:00",
									"partitionOption": "None"
								},
								"sink": {
									"type": "AzureSqlSink",
									"writeBehavior": "insert",
									"sqlWriterUseTableLock": false,
									"tableOption": "autoCreate",
									"disableMetricsCollection": false
								},
								"enableStaging": false,
								"translator": {
									"type": "TabularTranslator",
									"typeConversion": true,
									"typeConversionSettings": {
										"allowDataTruncation": true,
										"treatBooleanAsNumber": false
									}
								}
							},
							"inputs": [
								{
									"referenceName": "ds_AzureSqlTable1_new",
									"type": "DatasetReference",
									"parameters": {
										"domainname": "sqlserver2adf.database.windows.net",
										"databasename": "adf_db_dm",
										"username": "adfdemo",
										"password": "test@123",
										"schemaname": "dbo",
										"tablename": "shop"
									}
								}
							],
							"outputs": [
								{
									"referenceName": "ds_AzureSqlTable1_new",
									"type": "DatasetReference",
									"parameters": {
										"domainname": "sqlserver2adf.database.windows.net",
										"databasename": "adf_db_dm",
										"username": "adfdemo",
										"password": "test@123",
										"schemaname": "dbo",
										"tablename": "shop"
									}
								}
							]
						}
					]
				}
			},
			{
				"name": "Set variable2",
				"type": "SetVariable",
				"dependsOn": [
					{
						"activity": "If Condition1",
						"dependencyConditions": [
							"Succeeded"
						]
					}
				],
				"policy": {
					"secureOutput": false,
					"secureInput": false
				},
				"userProperties": [],
				"typeProperties": {
					"variableName": "pipelineenddate",
					"value": {
						"value": "@concat('update lastrundetails set pipelinerundate = ''', variables('pipelinestartdate'), '''')",
						"type": "Expression"
					}
				}
			}
		],
		"parameters": {
			"lastprocesseddate": {
				"type": "string"
			}
		},
		"variables": {
			"pipelinestartdate": {
				"type": "String"
			},
			"pipelineenddate": {
				"type": "String"
			},
			"no new changes": {
				"type": "String"
			}
		},
		"annotations": []
	}
}