{
	"name": "pl_merge_csv",
	"properties": {
		"activities": [
			{
				"name": "Copy data1",
				"type": "Copy",
				"dependsOn": [],
				"policy": {
					"timeout": "0.12:00:00",
					"retry": 0,
					"retryIntervalInSeconds": 30,
					"secureOutput": false,
					"secureInput": false
				},
				"userProperties": [],
				"typeProperties": {
					"source": {
						"type": "DelimitedTextSource",
						"storeSettings": {
							"type": "AzureBlobStorageReadSettings",
							"recursive": true,
							"wildcardFileName": "*.csv",
							"enablePartitionDiscovery": false
						},
						"formatSettings": {
							"type": "DelimitedTextReadSettings"
						}
					},
					"sink": {
						"type": "DelimitedTextSink",
						"storeSettings": {
							"type": "AzureBlobFSWriteSettings",
							"copyBehavior": "MergeFiles"
						},
						"formatSettings": {
							"type": "DelimitedTextWriteSettings",
							"quoteAllText": true,
							"fileExtension": ".txt"
						}
					},
					"enableStaging": false,
					"translator": {
						"type": "TabularTranslator",
						"typeConversion": true,
						"typeConversionSettings": {
							"allowDataTruncation": true,
							"treatBooleanAsNumber": false
						}
					}
				},
				"inputs": [
					{
						"referenceName": "ds_azureblob_csv",
						"type": "DatasetReference",
						"parameters": {
							"container1": {
								"value": "@pipeline().parameters.container1",
								"type": "Expression"
							},
							"filename": {
								"value": "@pipeline().parameters.filename1",
								"type": "Expression"
							}
						}
					}
				],
				"outputs": [
					{
						"referenceName": "ds_datalake_csv",
						"type": "DatasetReference",
						"parameters": {
							"filesystem": {
								"value": "@pipeline().parameters.filesystem",
								"type": "Expression"
							},
							"directory": {
								"value": "@pipeline().parameters.directory",
								"type": "Expression"
							},
							"filename": {
								"value": "@pipeline().parameters.filename2",
								"type": "Expression"
							}
						}
					}
				]
			},
			{
				"name": "Copy data2",
				"type": "Copy",
				"dependsOn": [
					{
						"activity": "Copy data1",
						"dependencyConditions": [
							"Succeeded"
						]
					}
				],
				"policy": {
					"timeout": "0.12:00:00",
					"retry": 0,
					"retryIntervalInSeconds": 30,
					"secureOutput": false,
					"secureInput": false
				},
				"userProperties": [],
				"typeProperties": {
					"source": {
						"type": "DelimitedTextSource",
						"storeSettings": {
							"type": "AzureBlobFSReadSettings",
							"recursive": true,
							"enablePartitionDiscovery": false
						},
						"formatSettings": {
							"type": "DelimitedTextReadSettings"
						}
					},
					"sink": {
						"type": "AzureSqlSink",
						"writeBehavior": "insert",
						"sqlWriterUseTableLock": false
					},
					"enableStaging": false,
					"translator": {
						"type": "TabularTranslator",
						"mappings": [
							{
								"source": {
									"name": "salesdate",
									"type": "String",
									"physicalType": "String"
								},
								"sink": {
									"name": "salesdate",
									"type": "DateTime",
									"physicalType": "date"
								}
							},
							{
								"source": {
									"name": "salesitem",
									"type": "String",
									"physicalType": "String"
								},
								"sink": {
									"name": "salesitem",
									"type": "String",
									"physicalType": "varchar"
								}
							},
							{
								"source": {
									"name": "country",
									"type": "String",
									"physicalType": "String"
								},
								"sink": {
									"name": "country",
									"type": "String",
									"physicalType": "varchar"
								}
							},
							{
								"source": {
									"name": "quantity",
									"type": "String",
									"physicalType": "String"
								},
								"sink": {
									"name": "quantity",
									"type": "Int32",
									"physicalType": "int"
								}
							}
						],
						"typeConversion": true,
						"typeConversionSettings": {
							"allowDataTruncation": true,
							"treatBooleanAsNumber": false
						}
					}
				},
				"inputs": [
					{
						"referenceName": "ds_datalake_csv",
						"type": "DatasetReference",
						"parameters": {
							"filesystem": {
								"value": "@pipeline().parameters.filesystem",
								"type": "Expression"
							},
							"directory": {
								"value": "@pipeline().parameters.directory",
								"type": "Expression"
							},
							"filename": {
								"value": "@pipeline().parameters.filename2",
								"type": "Expression"
							}
						}
					}
				],
				"outputs": [
					{
						"referenceName": "ds_AzureSqlTable1_new",
						"type": "DatasetReference",
						"parameters": {
							"domainname": {
								"value": "@pipeline().parameters.domainname",
								"type": "Expression"
							},
							"databasename": {
								"value": "@pipeline().parameters.databasename",
								"type": "Expression"
							},
							"username": {
								"value": "@pipeline().parameters.username",
								"type": "Expression"
							},
							"password": {
								"value": "@pipeline().parameters.password",
								"type": "Expression"
							},
							"schemaname": {
								"value": "@pipeline().parameters.schema",
								"type": "Expression"
							},
							"tablename": {
								"value": "@pipeline().parameters.table",
								"type": "Expression"
							}
						}
					}
				]
			}
		],
		"parameters": {
			"container1": {
				"type": "string"
			},
			"filename1": {
				"type": "string"
			},
			"filesystem": {
				"type": "string"
			},
			"directory": {
				"type": "string"
			},
			"filename2": {
				"type": "string"
			},
			"schema": {
				"type": "String"
			},
			"table": {
				"type": "String"
			},
			"domainname": {
				"type": "string"
			},
			"databasename": {
				"type": "string"
			},
			"username": {
				"type": "string"
			},
			"password": {
				"type": "string"
			}
		},
		"folder": {
			"name": "practice pipelines"
		},
		"annotations": [],
		"lastPublishTime": "2024-12-03T07:10:08Z"
	},
	"type": "Microsoft.DataFactory/factories/pipelines"
}