{
	"name": "pl_outputofanwebactvityoneisinputtosecondwebeactivity",
	"properties": {
		"activities": [
			{
				"name": "Web1",
				"type": "WebActivity",
				"state": "Inactive",
				"onInactiveMarkAs": "Succeeded",
				"dependsOn": [],
				"policy": {
					"timeout": "0.12:00:00",
					"retry": 0,
					"retryIntervalInSeconds": 30,
					"secureOutput": false,
					"secureInput": false
				},
				"userProperties": [],
				"typeProperties": {
					"method": "GET",
					"url": "https://reqres.in/api/users?page=2"
				}
			},
			{
				"name": "Web2",
				"type": "WebActivity",
				"state": "Inactive",
				"onInactiveMarkAs": "Succeeded",
				"dependsOn": [
					{
						"activity": "Web1",
						"dependencyConditions": [
							"Succeeded"
						]
					}
				],
				"policy": {
					"timeout": "0.12:00:00",
					"retry": 0,
					"retryIntervalInSeconds": 30,
					"secureOutput": false,
					"secureInput": false
				},
				"userProperties": [],
				"typeProperties": {
					"method": "GET",
					"url": {
						"value": "https://reqres.in/api/users?page=2/@{activity('Web1').output.data[0].id}",
						"type": "Expression"
					}
				}
			},
			{
				"name": "Copy data1",
				"type": "Copy",
				"dependsOn": [],
				"policy": {
					"timeout": "0.12:00:00",
					"retry": 0,
					"retryIntervalInSeconds": 30,
					"secureOutput": false,
					"secureInput": false
				},
				"userProperties": [],
				"typeProperties": {
					"source": {
						"type": "RestSource",
						"httpRequestTimeout": "00:01:40",
						"requestInterval": "00.00:00:00.010",
						"requestMethod": "GET",
						"paginationRules": {
							"supportRFC5988": "true"
						}
					},
					"sink": {
						"type": "AzureSqlSink",
						"writeBehavior": "insert",
						"sqlWriterUseTableLock": false
					},
					"enableStaging": false,
					"translator": {
						"type": "TabularTranslator",
						"mappings": [
							{
								"source": {
									"path": "$['data'][0]['id']"
								},
								"sink": {
									"name": "id",
									"type": "Int32"
								}
							},
							{
								"source": {
									"path": "$['data'][0]['email']"
								},
								"sink": {
									"name": "email",
									"type": "String"
								}
							},
							{
								"source": {
									"path": "$['data'][0]['first_name']"
								},
								"sink": {
									"name": "first_name",
									"type": "String"
								}
							},
							{
								"source": {
									"path": "$['data'][0]['last_name']"
								},
								"sink": {
									"name": "last_name",
									"type": "String"
								}
							},
							{
								"source": {
									"path": "$['data'][0]['avatar']"
								},
								"sink": {
									"name": "avatar",
									"type": "String"
								}
							}
						],
						"collectionReference": "$['data']",
						"mapComplexValuesToString": false
					}
				},
				"inputs": [
					{
						"referenceName": "ds_RestResource1",
						"type": "DatasetReference",
						"parameters": {
							"resturldataset": {
								"value": "@pipeline().parameters.restpipline",
								"type": "Expression"
							}
						}
					}
				],
				"outputs": [
					{
						"referenceName": "ds_AzureSqlTable1_new",
						"type": "DatasetReference",
						"parameters": {
							"domainname": {
								"value": "@pipeline().parameters.domainname",
								"type": "Expression"
							},
							"databasename": {
								"value": "@pipeline().parameters.databasename",
								"type": "Expression"
							},
							"username": {
								"value": "@pipeline().parameters.username",
								"type": "Expression"
							},
							"password": {
								"value": "@pipeline().parameters.password",
								"type": "Expression"
							},
							"schemaname": "dbo",
							"tablename": "test"
						}
					}
				]
			}
		],
		"parameters": {
			"restpipline": {
				"type": "string",
				"defaultValue": "https://reqres.in/api/users?page=2"
			},
			"domainname": {
				"type": "string",
				"defaultValue": "sqlserver2adf.database.windows.net"
			},
			"databasename": {
				"type": "string",
				"defaultValue": "adf_db_dm"
			},
			"username": {
				"type": "string",
				"defaultValue": "adfdemo"
			},
			"password": {
				"type": "string",
				"defaultValue": "test@123"
			},
			"schemaname": {
				"type": "string",
				"defaultValue": "dbo"
			},
			"tablename": {
				"type": "string",
				"defaultValue": "reqres"
			}
		},
		"annotations": [],
		"lastPublishTime": "2024-11-19T07:34:16Z"
	},
	"type": "Microsoft.DataFactory/factories/pipelines"
}