{
	"name": "pl_until",
	"properties": {
		"activities": [
			{
				"name": "Until1",
				"type": "Until",
				"dependsOn": [],
				"userProperties": [],
				"typeProperties": {
					"expression": {
						"value": "@activity('Check File Existence').output.exists",
						"type": "Expression"
					},
					"activities": [
						{
							"name": "Check File Existence",
							"type": "GetMetadata",
							"dependsOn": [],
							"policy": {
								"timeout": "0.00:10:00",
								"retry": 0,
								"retryIntervalInSeconds": 180,
								"secureOutput": false,
								"secureInput": false
							},
							"userProperties": [],
							"typeProperties": {
								"dataset": {
									"referenceName": "ds_azureblob_csv",
									"type": "DatasetReference",
									"parameters": {
										"container1": {
											"value": "@pipeline().parameters.container1",
											"type": "Expression"
										},
										"filename": {
											"value": "@pipeline().parameters.filename",
											"type": "Expression"
										}
									}
								},
								"fieldList": [
									"exists"
								],
								"storeSettings": {
									"type": "AzureBlobStorageReadSettings",
									"recursive": true,
									"enablePartitionDiscovery": false
								},
								"formatSettings": {
									"type": "DelimitedTextReadSettings"
								}
							}
						},
						{
							"name": "Fail1",
							"type": "Fail",
							"dependsOn": [
								{
									"activity": "Check File Existence",
									"dependencyConditions": [
										"Failed"
									]
								}
							],
							"userProperties": [],
							"typeProperties": {
								"message": {
									"value": "@activity('Check File Existence').error.message",
									"type": "Expression"
								},
								"errorCode": "404"
							}
						}
					],
					"timeout": "0.12:00:00"
				}
			},
			{
				"name": "Copy data1",
				"type": "Copy",
				"dependsOn": [
					{
						"activity": "Until1",
						"dependencyConditions": [
							"Succeeded"
						]
					}
				],
				"policy": {
					"timeout": "0.12:00:00",
					"retry": 0,
					"retryIntervalInSeconds": 30,
					"secureOutput": false,
					"secureInput": false
				},
				"userProperties": [],
				"typeProperties": {
					"source": {
						"type": "DelimitedTextSource",
						"storeSettings": {
							"type": "AzureBlobStorageReadSettings",
							"recursive": true,
							"enablePartitionDiscovery": false
						},
						"formatSettings": {
							"type": "DelimitedTextReadSettings"
						}
					},
					"sink": {
						"type": "DelimitedTextSink",
						"storeSettings": {
							"type": "AzureBlobFSWriteSettings"
						},
						"formatSettings": {
							"type": "DelimitedTextWriteSettings",
							"quoteAllText": true,
							"fileExtension": ".txt"
						}
					},
					"enableStaging": false,
					"translator": {
						"type": "TabularTranslator",
						"typeConversion": true,
						"typeConversionSettings": {
							"allowDataTruncation": true,
							"treatBooleanAsNumber": false
						}
					}
				},
				"inputs": [
					{
						"referenceName": "ds_azureblob_csv",
						"type": "DatasetReference",
						"parameters": {
							"container1": {
								"value": "@pipeline().parameters.container1",
								"type": "Expression"
							},
							"filename": {
								"value": "@pipeline().parameters.filename",
								"type": "Expression"
							}
						}
					}
				],
				"outputs": [
					{
						"referenceName": "ds_datalake_csv",
						"type": "DatasetReference",
						"parameters": {
							"filesystem": {
								"value": "@pipeline().parameters.filesysten",
								"type": "Expression"
							},
							"directory": {
								"value": "@pipeline().parameters.directory",
								"type": "Expression"
							},
							"filename": {
								"value": "@pipeline().parameters.filename",
								"type": "Expression"
							}
						}
					}
				]
			}
		],
		"parameters": {
			"container1": {
				"type": "string"
			},
			"filename": {
				"type": "string"
			},
			"filesysten": {
				"type": "string"
			},
			"directory": {
				"type": "string"
			}
		},
		"folder": {
			"name": "practice pipelines"
		},
		"annotations": [],
		"lastPublishTime": "2024-11-20T11:22:30Z"
	},
	"type": "Microsoft.DataFactory/factories/pipelines"
}