{
	"name": "shoppingtrend",
	"properties": {
		"activities": [
			{
				"name": "Check csv exists",
				"type": "GetMetadata",
				"dependsOn": [],
				"policy": {
					"timeout": "0.12:00:00",
					"retry": 0,
					"retryIntervalInSeconds": 30,
					"secureOutput": false,
					"secureInput": false
				},
				"userProperties": [],
				"typeProperties": {
					"dataset": {
						"referenceName": "ds_azureblob_csv",
						"type": "DatasetReference",
						"parameters": {
							"container1": "raw",
							"filename": "shopping_trends.csv"
						}
					},
					"fieldList": [
						"exists"
					],
					"storeSettings": {
						"type": "AzureBlobStorageReadSettings",
						"recursive": true,
						"enablePartitionDiscovery": false
					},
					"formatSettings": {
						"type": "DelimitedTextReadSettings"
					}
				}
			},
			{
				"name": "Wait1",
				"type": "Wait",
				"dependsOn": [
					{
						"activity": "Check csv exists",
						"dependencyConditions": [
							"Succeeded"
						]
					}
				],
				"userProperties": [],
				"typeProperties": {
					"waitTimeInSeconds": 10
				}
			},
			{
				"name": "Copy data1",
				"type": "Copy",
				"dependsOn": [
					{
						"activity": "Wait1",
						"dependencyConditions": [
							"Succeeded"
						]
					}
				],
				"policy": {
					"timeout": "0.12:00:00",
					"retry": 0,
					"retryIntervalInSeconds": 30,
					"secureOutput": false,
					"secureInput": false
				},
				"userProperties": [],
				"typeProperties": {
					"source": {
						"type": "DelimitedTextSource",
						"storeSettings": {
							"type": "AzureBlobStorageReadSettings",
							"recursive": true,
							"enablePartitionDiscovery": false
						},
						"formatSettings": {
							"type": "DelimitedTextReadSettings"
						}
					},
					"sink": {
						"type": "ParquetSink",
						"storeSettings": {
							"type": "AzureBlobStorageWriteSettings"
						},
						"formatSettings": {
							"type": "ParquetWriteSettings"
						}
					},
					"enableStaging": false,
					"translator": {
						"type": "TabularTranslator",
						"typeConversion": true,
						"typeConversionSettings": {
							"allowDataTruncation": true,
							"treatBooleanAsNumber": false
						}
					}
				},
				"inputs": [
					{
						"referenceName": "ds_azureblob_csv",
						"type": "DatasetReference",
						"parameters": {
							"container1": {
								"value": "@pipeline().parameters.container",
								"type": "Expression"
							},
							"filename": {
								"value": "@pipeline().parameters.filename",
								"type": "Expression"
							}
						}
					}
				],
				"outputs": [
					{
						"referenceName": "ds_Parquet1",
						"type": "DatasetReference",
						"parameters": {
							"container11": {
								"value": "@pipeline().parameters.container11",
								"type": "Expression"
							},
							"filename1": {
								"value": "@pipeline().parameters.filename1",
								"type": "Expression"
							}
						}
					}
				]
			},
			{
				"name": "Fail1",
				"type": "Fail",
				"dependsOn": [
					{
						"activity": "Wait1",
						"dependencyConditions": [
							"Failed"
						]
					}
				],
				"userProperties": [],
				"typeProperties": {
					"message": "file not found",
					"errorCode": "fnf"
				}
			}
		],
		"parameters": {
			"filename": {
				"type": "string"
			},
			"container": {
				"type": "string",
				"defaultValue": "raw"
			},
			"container11": {
				"type": "string",
				"defaultValue": "landing"
			},
			"filename1": {
				"type": "string"
			}
		},
		"folder": {
			"name": "Shoppingtrend"
		},
		"annotations": []
	}
}