{
	"name": "dataflow2",
	"properties": {
		"type": "MappingDataFlow",
		"typeProperties": {
			"sources": [
				{
					"dataset": {
						"referenceName": "ds_adls_xlsx_sales",
						"type": "DatasetReference"
					},
					"name": "salesind"
				}
			],
			"sinks": [
				{
					"dataset": {
						"referenceName": "ds_AzureSqlTable1_new",
						"type": "DatasetReference"
					},
					"name": "badrecords"
				},
				{
					"dataset": {
						"referenceName": "ds_AzureSqlTable1_new",
						"type": "DatasetReference"
					},
					"name": "sink1"
				}
			],
			"transformations": [
				{
					"name": "conditionalsplit"
				},
				{
					"name": "filenamebadrecords"
				},
				{
					"name": "filenamegoodrecords"
				}
			],
			"scriptLines": [
				"source(output(",
				"          salesdate as string,",
				"          salesitem as string,",
				"          country as string,",
				"          quantity as string",
				"     ),",
				"     allowSchemaDrift: true,",
				"     validateSchema: false,",
				"     ignoreNoFilesFound: false) ~> salesind",
				"salesind split(isNull(toDate(salesdate,'yyyy-MM-dd')),",
				"     disjoint: false) ~> conditionalsplit@(badrecords, goodrecords)",
				"conditionalsplit@badrecords derive(FileName = 'sales_error-handling.xlsx') ~> filenamebadrecords",
				"conditionalsplit@goodrecords derive(FileName = 'sales_error-handling.xlsx',",
				"          salesdate = toDate(salesdate, 'yyyy-MM-dd'),",
				"          quantity = toInteger(quantity)) ~> filenamegoodrecords",
				"filenamebadrecords sink(allowSchemaDrift: true,",
				"     validateSchema: false,",
				"     input(",
				"          customer_id as string,",
				"          customer_fname as string,",
				"          customer_lname as string,",
				"          customer_email as string,",
				"          customer_password as string,",
				"          customer_street as string,",
				"          customer_city as string,",
				"          customer_state as string,",
				"          customer_zipcode as string",
				"     ),",
				"     deletable:false,",
				"     insertable:true,",
				"     updateable:false,",
				"     upsertable:false,",
				"     format: 'table',",
				"     skipDuplicateMapInputs: true,",
				"     skipDuplicateMapOutputs: true,",
				"     errorHandlingOption: 'stopOnFirstError') ~> badrecords",
				"filenamegoodrecords sink(allowSchemaDrift: true,",
				"     validateSchema: false,",
				"     input(",
				"          customer_id as string,",
				"          customer_fname as string,",
				"          customer_lname as string,",
				"          customer_email as string,",
				"          customer_password as string,",
				"          customer_street as string,",
				"          customer_city as string,",
				"          customer_state as string,",
				"          customer_zipcode as string",
				"     ),",
				"     deletable:false,",
				"     insertable:true,",
				"     updateable:false,",
				"     upsertable:false,",
				"     format: 'table',",
				"     skipDuplicateMapInputs: true,",
				"     skipDuplicateMapOutputs: true,",
				"     errorHandlingOption: 'stopOnFirstError') ~> sink1"
			]
		}
	}
}