{
	"name": "dataflow3",
	"properties": {
		"type": "MappingDataFlow",
		"typeProperties": {
			"sources": [
				{
					"dataset": {
						"referenceName": "ds_azureblob_csv",
						"type": "DatasetReference"
					},
					"name": "source1"
				},
				{
					"dataset": {
						"referenceName": "ds_AzureSqlTable1_new",
						"type": "DatasetReference"
					},
					"name": "source2"
				}
			],
			"sinks": [
				{
					"dataset": {
						"referenceName": "ds_datalake_csv",
						"type": "DatasetReference"
					},
					"name": "sink1"
				}
			],
			"transformations": [
				{
					"name": "join1"
				},
				{
					"name": "select1"
				},
				{
					"name": "filter1"
				},
				{
					"name": "sort1"
				}
			],
			"scriptLines": [
				"source(output(",
				"          order_id as string,",
				"          order_date as string,",
				"          order_customer_id as string,",
				"          order_status as string",
				"     ),",
				"     allowSchemaDrift: true,",
				"     validateSchema: false,",
				"     ignoreNoFilesFound: false) ~> source1",
				"source(output(",
				"          customer_id as string,",
				"          customer_fname as string,",
				"          customer_lname as string,",
				"          customer_email as string,",
				"          customer_password as string,",
				"          customer_street as string,",
				"          customer_city as string,",
				"          customer_state as string,",
				"          customer_zipcode as string",
				"     ),",
				"     allowSchemaDrift: true,",
				"     validateSchema: false,",
				"     isolationLevel: 'READ_UNCOMMITTED',",
				"     query: 'Select * from customer',",
				"     format: 'query') ~> source2",
				"source1, source2 join(order_customer_id == customer_id,",
				"     joinType:'inner',",
				"     matchType:'exact',",
				"     ignoreSpaces: false,",
				"     broadcast: 'auto')~> join1",
				"join1 select(mapColumn(",
				"          order_id,",
				"          order_date,",
				"          order_status,",
				"          customer_id,",
				"          customer_fname,",
				"          customer_lname,",
				"          customer_street,",
				"          customer_city,",
				"          customer_state,",
				"          customer_zipcode",
				"     ),",
				"     skipDuplicateMapInputs: true,",
				"     skipDuplicateMapOutputs: true) ~> select1",
				"join1 filter(customer_city=='Caguas') ~> filter1",
				"filter1 sort(desc(order_customer_id, false),",
				"     caseInsensitive: true,",
				"     partitionLevel: true) ~> sort1",
				"sort1 sink(allowSchemaDrift: true,",
				"     validateSchema: false,",
				"     partitionFileNames:['caguas_info'],",
				"     umask: 0022,",
				"     preCommands: [],",
				"     postCommands: [],",
				"     skipDuplicateMapInputs: true,",
				"     skipDuplicateMapOutputs: true,",
				"     partitionBy('hash', 1)) ~> sink1"
			]
		}
	}
}