{
	"name": "df_incremental",
	"properties": {
		"type": "MappingDataFlow",
		"typeProperties": {
			"sources": [
				{
					"dataset": {
						"referenceName": "ds_AzureSqlTable1_new",
						"type": "DatasetReference"
					},
					"name": "source1"
				}
			],
			"sinks": [
				{
					"dataset": {
						"referenceName": "ds_azureblob_csv",
						"type": "DatasetReference"
					},
					"name": "sink1"
				}
			],
			"transformations": [
				{
					"name": "filter1"
				}
			],
			"scriptLines": [
				"source(output(",
				"          emp_id as integer,",
				"          emp_first_name as string,",
				"          emp_last_name as string,",
				"          salary as decimal(18,0),",
				"          mngr_id as integer,",
				"          designation as string,",
				"          last_modified_date as date",
				"     ),",
				"     allowSchemaDrift: true,",
				"     validateSchema: false,",
				"     enableCdc: true,",
				"     mode: 'read',",
				"     skipInitialLoad: true,",
				"     waterMarkColumn: 'last_modified_date',",
				"     isolationLevel: 'READ_COMMITTED',",
				"     format: 'table',",
				"     partitionBy('hash', 1)) ~> source1",
				"source1 filter(last_modified_date>=currentDate(),",
				"     partitionBy('hash', 1)) ~> filter1",
				"filter1 sink(allowSchemaDrift: true,",
				"     validateSchema: false,",
				"     input(",
				"          Column_1 as string,",
				"          Column_2 as string,",
				"          Column_3 as string,",
				"          Column_4 as string",
				"     ),",
				"     skipDuplicateMapInputs: true,",
				"     skipDuplicateMapOutputs: true,",
				"     saveOrder: 1,",
				"     partitionBy('hash', 1)) ~> sink1"
			]
		}
	}
}